{"stats":{"minecraft:killed":{"irons_spellbooks:necromancer":1,"minecraft:creeper":1,"minecraft:sheep":2,"minecraft:skeleton":1},"minecraft:mined":{"minecraft:vine":1,"minecraft:oak_leaves":4},"minecraft:custom":{"minecraft:mob_kills":6,"minecraft:interact_with_crafting_table":3,"minecraft:leave_game":8,"minecraft:time_since_death":23153,"minecraft:climb_one_cm":1271,"minecraft:time_since_rest":23185,"minecraft:sprint_one_cm":41357,"minecraft:damage_taken":167,"minecraft:walk_one_cm":62715,"minecraft:drop":30,"minecraft:damage_dealt":376,"minecraft:swim_one_cm":2011,"minecraft:fly_one_cm":84017,"minecraft:open_chest":3,"minecraft:play_time":44291,"minecraft:deaths":1,"minecraft:sneak_time":31,"minecraft:walk_under_water_one_cm":2545,"minecraft:jump":184,"minecraft:walk_on_water_one_cm":2497,"minecraft:total_world_time":44291,"minecraft:fall_one_cm":1843},"minecraft:dropped":{"epicpaladins:bloodstone_chestplate":1,"epicpaladins:bloodstone_helmet":1,"irons_spellbooks:blaze_spell_book":2,"irons_spellbooks:copper_spell_book":2,"irons_spellbooks:diamond_spell_book":2,"epicpaladins:jade_helmet":1,"irons_spellbooks:evoker_spell_book":2,"epicpaladins:jade_leggings":1,"irons_spellbooks:villager_spell_book":2,"irons_spellbooks:druidic_spell_book":2,"irons_spellbooks:netherite_spell_book":2,"epicpaladins:moonlight_boots":1,"irons_spellbooks:necronomicon_spell_book":3,"irons_spellbooks:gold_spell_book":2,"irons_spellbooks:iron_spell_book":2,"epicpaladins:bloodstone_boots":1,"epicpaladins:bloodstone_leggings":1,"irons_spellbooks:dragonskin_spell_book":2},"minecraft:picked_up":{"irons_spellbooks:necronomicon_spell_book":2,"irons_spellbooks:netherite_spell_book":1,"irons_spellbooks:holy_rune":1,"irons_spellbooks:dead_king_corpse_spawn_egg":64,"irons_spellbooks:apothecarist_spawn_egg":64,"minecraft:gunpowder":1,"irons_spellbooks:diamond_spell_book":1,"irons_spellbooks:nature_rune":1,"irons_spellbooks:rare_ink":2,"irons_spellbooks:villager_spell_book":1,"irons_spellbooks:iron_spell_book":1,"irons_spellbooks:arcane_essence":101,"irons_spellbooks:keeper_spawn_egg":64,"irons_spellbooks:epic_ink":4,"irons_spellbooks:blank_rune":3,"epicpaladins:jade_helmet":1,"minecraft:blue_wool":1,"epicpaladins:bloodstone_helmet":1,"irons_spellbooks:archevoker_spawn_egg":64,"epicpaladins:jade_leggings":1,"irons_spellbooks:blood_staff":1,"irons_spellbooks:druidic_spell_book":1,"irons_spellbooks:evoker_spell_book":1,"irons_spellbooks:fire_rune":1,"irons_spellbooks:pyromancer_spawn_egg":64,"epicpaladins:bloodstone_boots":1,"irons_spellbooks:evocation_rune":1,"irons_spellbooks:blaze_spell_book":1,"irons_spellbooks:ice_rune":1,"irons_spellbooks:dragonskin_spell_book":1,"irons_spellbooks:gold_spell_book":1,"epicpaladins:bloodstone_chestplate":1,"irons_spellbooks:cryomancer_spawn_egg":64,"epicpaladins:moonlight_boots":1,"irons_spellbooks:priest_spawn_egg":64,"epicpaladins:bloodstone_leggings":1,"minecraft:mutton":2,"irons_spellbooks:copper_spell_book":2,"irons_spellbooks:scroll":8},"minecraft:used":{"irons_spellbooks:priest_spawn_egg":1,"irons_spellbooks:archevoker_spawn_egg":1,"minecraft:sheep_spawn_egg":3,"irons_spellbooks:pyromancer_spawn_egg":1,"irons_spellbooks:keeper_spawn_egg":1,"minecraft:crafting_table":1,"irons_spellbooks:alchemist_cauldron":1,"irons_spellbooks:cryomancer_spawn_egg":1,"irons_spellbooks:apothecarist_spawn_egg":1,"irons_spellbooks:armor_pile":1,"irons_spellbooks:necromancer_spawn_egg":1,"irons_spellbooks:scroll_forge":1,"irons_spellbooks:dead_king_corpse_spawn_egg":1,"minecraft:golden_carrot":3,"minecraft:wooden_sword":7,"irons_spellbooks:arcane_anvil":1,"irons_spellbooks:pedestal":1,"irons_spellbooks:inscription_table":1},"minecraft:crafted":{"minecraft:golden_carrot":64}},"DataVersion":3465}