{"stats":{"minecraft:custom":{"minecraft:time_since_rest":15862,"minecraft:open_chest":3,"minecraft:sprint_one_cm":12474,"minecraft:play_time":15862,"minecraft:damage_taken":167,"minecraft:walk_one_cm":32553,"minecraft:sneak_time":19,"minecraft:walk_under_water_one_cm":187,"minecraft:mob_kills":2,"minecraft:jump":81,"minecraft:damage_dealt":376,"minecraft:leave_game":6,"minecraft:time_since_death":15862,"minecraft:walk_on_water_one_cm":633,"minecraft:climb_one_cm":1271,"minecraft:total_world_time":15862,"minecraft:swim_one_cm":540,"minecraft:interact_with_crafting_table":2,"minecraft:fall_one_cm":1634,"minecraft:fly_one_cm":44877},"minecraft:mined":{"minecraft:vine":1,"minecraft:oak_leaves":4},"minecraft:used":{"minecraft:wooden_sword":7,"minecraft:golden_carrot":3,"minecraft:crafting_table":1},"minecraft:killed":{"minecraft:skeleton":1},"minecraft:crafted":{"minecraft:golden_carrot":64}},"DataVersion":3465}