{"stats":{"minecraft:killed":{"minecraft:skeleton":1},"minecraft:custom":{"minecraft:jump":53,"minecraft:open_chest":3,"minecraft:time_since_rest":12168,"minecraft:damage_dealt":376,"minecraft:leave_game":5,"minecraft:play_time":12168,"minecraft:sprint_one_cm":8870,"minecraft:damage_taken":167,"minecraft:time_since_death":12168,"minecraft:walk_one_cm":30358,"minecraft:total_world_time":12168,"minecraft:sneak_time":9,"minecraft:climb_one_cm":1271,"minecraft:mob_kills":2,"minecraft:fall_one_cm":1007,"minecraft:fly_one_cm":38306},"minecraft:mined":{"minecraft:vine":1,"minecraft:oak_leaves":4},"minecraft:used":{"minecraft:wooden_sword":7}},"DataVersion":3465}