{"stats":{"minecraft:custom":{"minecraft:time_since_rest":18148,"minecraft:open_chest":3,"minecraft:sprint_one_cm":12872,"minecraft:play_time":18148,"minecraft:damage_taken":167,"minecraft:walk_one_cm":33070,"minecraft:sneak_time":19,"minecraft:walk_under_water_one_cm":187,"minecraft:mob_kills":2,"minecraft:drop":7,"minecraft:jump":83,"minecraft:damage_dealt":376,"minecraft:leave_game":7,"minecraft:walk_on_water_one_cm":633,"minecraft:time_since_death":18148,"minecraft:climb_one_cm":1271,"minecraft:total_world_time":18148,"minecraft:swim_one_cm":540,"minecraft:interact_with_crafting_table":2,"minecraft:fall_one_cm":1634,"minecraft:fly_one_cm":45005},"minecraft:mined":{"minecraft:vine":1,"minecraft:oak_leaves":4},"minecraft:used":{"minecraft:wooden_sword":7,"minecraft:golden_carrot":3,"minecraft:crafting_table":1},"minecraft:crafted":{"minecraft:golden_carrot":64},"minecraft:dropped":{"epicpaladins:moonlight_boots":1,"epicpaladins:bloodstone_helmet":1,"epicpaladins:jade_leggings":1,"epicpaladins:bloodstone_boots":1,"epicpaladins:bloodstone_leggings":1,"epicpaladins:jade_helmet":1,"epicpaladins:bloodstone_chestplate":1},"minecraft:killed":{"minecraft:skeleton":1},"minecraft:picked_up":{"epicpaladins:bloodstone_helmet":1,"epicpaladins:bloodstone_chestplate":1,"epicpaladins:moonlight_boots":1,"epicpaladins:jade_leggings":1,"epicpaladins:bloodstone_leggings":1,"epicpaladins:jade_helmet":1,"epicpaladins:bloodstone_boots":1}},"DataVersion":3465}