{"stats":{"minecraft:custom":{"minecraft:jump":52,"minecraft:open_chest":3,"minecraft:time_since_rest":11610,"minecraft:damage_dealt":376,"minecraft:leave_game":4,"minecraft:play_time":11610,"minecraft:sprint_one_cm":8870,"minecraft:damage_taken":167,"minecraft:time_since_death":11610,"minecraft:walk_one_cm":29413,"minecraft:sneak_time":9,"minecraft:total_world_time":11610,"minecraft:climb_one_cm":1271,"minecraft:mob_kills":2,"minecraft:fall_one_cm":1007,"minecraft:fly_one_cm":38306},"minecraft:killed":{"minecraft:skeleton":1},"minecraft:used":{"minecraft:wooden_sword":7},"minecraft:mined":{"minecraft:vine":1,"minecraft:oak_leaves":4}},"DataVersion":3465}