{
  "minecraft:recipes/decorations/crafting_table": {
    "criteria": {
      "unlock_right_away": "2024-07-19 17:39:49 +0000"
    },
    "done": true
  },
  "minecraft:adventure/adventuring_time": {
    "criteria": {
      "minecraft:stony_peaks": "2024-07-19 17:40:42 +0000",
      "minecraft:lukewarm_ocean": "2024-07-19 18:14:04 +0000",
      "minecraft:river": "2024-07-19 18:33:05 +0000",
      "minecraft:stony_shore": "2024-07-19 17:53:17 +0000",
      "minecraft:jungle": "2024-07-19 17:39:51 +0000"
    },
    "done": false
  },
  "minecraft:adventure/root": {
    "criteria": {
      "killed_something": "2024-07-19 18:03:47 +0000"
    },
    "done": true
  },
  "minecraft:adventure/kill_all_mobs": {
    "criteria": {
      "minecraft:skeleton": "2024-07-19 18:03:47 +0000",
      "minecraft:creeper": "2024-07-19 18:03:49 +0000"
    },
    "done": false
  },
  "minecraft:adventure/kill_a_mob": {
    "criteria": {
      "minecraft:skeleton": "2024-07-19 18:03:47 +0000"
    },
    "done": true
  },
  "paraglider:recipes/misc/cosmetic/paraglider": {
    "criteria": {
      "has_paragliders": "2024-07-19 18:13:44 +0000"
    },
    "done": true
  },
  "paraglider:paraglider": {
    "criteria": {
      "paraglider": "2024-07-19 18:13:44 +0000"
    },
    "done": true
  },
  "paraglider:recipes/misc/cosmetic/deku_leaf": {
    "criteria": {
      "has_paragliders": "2024-07-19 18:13:44 +0000"
    },
    "done": true
  },
  "paraglider:all_vessels": {
    "criteria": {
      "code_triggered": "2024-07-19 18:13:58 +0000"
    },
    "done": true
  },
  "minecraft:recipes/transportation/mangrove_boat": {
    "criteria": {
      "in_water": "2024-07-19 18:14:04 +0000"
    },
    "done": true
  },
  "minecraft:recipes/transportation/acacia_boat": {
    "criteria": {
      "in_water": "2024-07-19 18:14:04 +0000"
    },
    "done": true
  },
  "minecraft:recipes/transportation/cherry_boat": {
    "criteria": {
      "in_water": "2024-07-19 18:14:04 +0000"
    },
    "done": true
  },
  "minecraft:recipes/transportation/bamboo_raft": {
    "criteria": {
      "in_water": "2024-07-19 18:14:04 +0000"
    },
    "done": true
  },
  "minecraft:recipes/transportation/spruce_boat": {
    "criteria": {
      "in_water": "2024-07-19 18:14:04 +0000"
    },
    "done": true
  },
  "minecraft:recipes/transportation/birch_boat": {
    "criteria": {
      "in_water": "2024-07-19 18:14:04 +0000"
    },
    "done": true
  },
  "minecraft:recipes/transportation/oak_boat": {
    "criteria": {
      "in_water": "2024-07-19 18:14:04 +0000"
    },
    "done": true
  },
  "minecraft:recipes/transportation/jungle_boat": {
    "criteria": {
      "in_water": "2024-07-19 18:14:04 +0000"
    },
    "done": true
  },
  "minecraft:recipes/transportation/dark_oak_boat": {
    "criteria": {
      "in_water": "2024-07-19 18:14:04 +0000"
    },
    "done": true
  },
  "minecraft:recipes/transportation/carrot_on_a_stick": {
    "criteria": {
      "has_carrot": "2024-07-19 18:14:52 +0000"
    },
    "done": true
  },
  "minecraft:recipes/decorations/chest": {
    "criteria": {
      "has_lots_of_items": "2024-07-19 18:14:52 +0000"
    },
    "done": true
  },
  "skilltree:recipes/misc/golden_ring": {
    "criteria": {
      "has_nuggets_gold": "2024-07-19 18:14:57 +0000"
    },
    "done": true
  },
  "minecraft:recipes/misc/gold_ingot_from_nuggets": {
    "criteria": {
      "has_gold_nugget": "2024-07-19 18:14:57 +0000"
    },
    "done": true
  },
  "minecraft:recipes/brewing/golden_carrot": {
    "criteria": {
      "has_gold_nugget": "2024-07-19 18:14:57 +0000"
    },
    "done": true
  },
  "skilltree:recipes/misc/simple_necklace": {
    "criteria": {
      "has_nuggets_gold": "2024-07-19 18:14:57 +0000"
    },
    "done": true
  },
  "paraglider:root": {
    "criteria": {
      "crafting_table": "2024-07-19 18:15:00 +0000"
    },
    "done": true
  },
  "minecraft:story/root": {
    "criteria": {
      "crafting_table": "2024-07-19 18:15:00 +0000"
    },
    "done": true
  },
  "minecraft:husbandry/balanced_diet": {
    "criteria": {
      "golden_carrot": "2024-07-19 18:15:15 +0000"
    },
    "done": false
  },
  "minecraft:husbandry/root": {
    "criteria": {
      "consumed_item": "2024-07-19 18:15:15 +0000"
    },
    "done": true
  },
  "irons_spellbooks:irons_spellbooks/spell_book_villager": {
    "criteria": {
      "requirement": "2024-07-19 18:41:08 +0000"
    },
    "done": true
  },
  "irons_spellbooks:irons_spellbooks/spell_book_diamond": {
    "criteria": {
      "requirement": "2024-07-19 18:41:08 +0000"
    },
    "done": true
  },
  "irons_spellbooks:irons_spellbooks/spell_book_druidic": {
    "criteria": {
      "requirement": "2024-07-19 18:41:08 +0000"
    },
    "done": true
  },
  "minecraft:recipes/food/cooked_mutton_from_smoking": {
    "criteria": {
      "has_mutton": "2024-07-19 18:48:00 +0000"
    },
    "done": true
  },
  "irons_spellbooks:irons_spellbooks/make_scroll_forge": {
    "criteria": {
      "scroll_forge": "2024-07-19 18:44:55 +0000"
    },
    "done": true
  },
  "irons_spellbooks:irons_spellbooks/staff_root": {
    "criteria": {
      "requirement": "2024-07-19 18:30:55 +0000"
    },
    "done": true
  },
  "minecraft:recipes/food/cooked_mutton": {
    "criteria": {
      "has_mutton": "2024-07-19 18:48:00 +0000"
    },
    "done": true
  },
  "minecraft:recipes/decorations/blue_bed": {
    "criteria": {
      "has_blue_wool": "2024-07-19 18:48:00 +0000"
    },
    "done": true
  },
  "irons_spellbooks:irons_spellbooks/spell_book_iron": {
    "criteria": {
      "requirement": "2024-07-19 18:41:08 +0000"
    },
    "done": true
  },
  "irons_spellbooks:irons_spellbooks/spell_book_dragon": {
    "criteria": {
      "requirement": "2024-07-19 18:41:08 +0000"
    },
    "done": true
  },
  "irons_spellbooks:irons_spellbooks/staff_ice": {
    "criteria": {
      "requirement": "2024-07-19 18:31:26 +0000"
    },
    "done": true
  },
  "irons_spellbooks:irons_spellbooks/staff_artificer": {
    "criteria": {
      "requirement": "2024-07-19 18:31:27 +0000"
    },
    "done": true
  },
  "irons_spellbooks:irons_spellbooks/make_arcane_anvil": {
    "criteria": {
      "arcane_anvil": "2024-07-19 18:45:00 +0000"
    },
    "done": true
  },
  "minecraft:recipes/decorations/painting": {
    "criteria": {
      "has_wool": "2024-07-19 18:48:00 +0000"
    },
    "done": true
  },
  "irons_spellbooks:irons_spellbooks/spell_book_netherite": {
    "criteria": {
      "requirement": "2024-07-19 18:41:08 +0000"
    },
    "done": true
  },
  "irons_spellbooks:irons_spellbooks/staff_lightning_rod": {
    "criteria": {
      "requirement": "2024-07-19 18:31:27 +0000"
    },
    "done": true
  },
  "irons_spellbooks:irons_spellbooks/ink_root": {
    "criteria": {
      "requirement": "2024-07-19 18:30:53 +0000"
    },
    "done": true
  },
  "irons_spellbooks:irons_spellbooks/spell_book_equip": {
    "criteria": {
      "requirement": "2024-07-19 18:39:37 +0000"
    },
    "done": true
  },
  "minecraft:recipes/food/cooked_mutton_from_campfire_cooking": {
    "criteria": {
      "has_mutton": "2024-07-19 18:48:00 +0000"
    },
    "done": true
  },
  "minecraft:recipes/decorations/blue_carpet": {
    "criteria": {
      "has_blue_wool": "2024-07-19 18:48:00 +0000"
    },
    "done": true
  },
  "irons_spellbooks:irons_spellbooks/root": {
    "criteria": {
      "inscription_table": "2024-07-19 18:44:50 +0000"
    },
    "done": true
  },
  "irons_spellbooks:make_inscription_table": {
    "criteria": {
      "inscription_table": "2024-07-19 18:44:50 +0000"
    },
    "done": true
  },
  "irons_spellbooks:irons_spellbooks/spell_book_dead_king": {
    "criteria": {
      "requirement": "2024-07-19 18:39:38 +0000"
    },
    "done": true
  },
  "minecraft:recipes/decorations/blue_banner": {
    "criteria": {
      "has_blue_wool": "2024-07-19 18:48:00 +0000"
    },
    "done": true
  },
  "irons_spellbooks:irons_spellbooks/spell_book_evoker": {
    "criteria": {
      "requirement": "2024-07-19 18:39:35 +0000"
    },
    "done": true
  },
  "minecraft:recipes/misc/firework_rocket_simple": {
    "criteria": {
      "has_gunpowder": "2024-07-19 18:47:54 +0000"
    },
    "done": true
  },
  "irons_spellbooks:irons_spellbooks/spell_book_gold": {
    "criteria": {
      "requirement": "2024-07-19 18:41:08 +0000"
    },
    "done": true
  },
  "minecraft:recipes/redstone/tnt": {
    "criteria": {
      "has_gunpowder": "2024-07-19 18:47:54 +0000"
    },
    "done": true
  },
  "irons_spellbooks:irons_spellbooks/spell_book_blaze": {
    "criteria": {
      "requirement": "2024-07-19 18:41:08 +0000"
    },
    "done": true
  },
  "irons_spellbooks:grant_patchouli": {
    "criteria": {
      "tick": "2024-07-19 18:28:05 +0000"
    },
    "done": true
  },
  "irons_spellbooks:irons_spellbooks/make_inscription_table": {
    "criteria": {
      "inscription_table": "2024-07-19 18:44:50 +0000"
    },
    "done": true
  },
  "irons_spellbooks:irons_spellbooks/staff_blood_staff": {
    "criteria": {
      "requirement": "2024-07-19 18:30:55 +0000"
    },
    "done": true
  },
  "DataVersion": 3465
}